{
  "title": "Kentik Top Talkers",
  "originalTitle": "Kentik Top Talkers",
  "tags": ["kentik"],
  "style": "dark",
  "timezone": "",
  "editable": true,
  "hideControls": false,
  "sharedCrosshair": false,
  "rows": [
    {
      "collapse": false,
      "editable": true,
      "height": 534.4375,
      "panels": [
        {
          "aliasColors": {},
          "bars": false,
          "datasource": "kentik",
          "editable": true,
          "error": false,
          "fill": 1,
          "grid": {
            "threshold1": null,
            "threshold1Color": "rgba(216, 200, 27, 0.27)",
            "threshold2": null,
            "threshold2Color": "rgba(234, 112, 112, 0.22)"
          },
          "id": 1,
          "isNew": true,
          "legend": {
            "alignAsTable": true,
            "avg": false,
            "current": false,
            "max": false,
            "min": false,
            "rightSide": true,
            "show": true,
            "sort": "avg",
            "sortDesc": true,
            "total": false,
            "values": true
          },
          "lines": true,
          "linewidth": 2,
          "links": [],
          "nullPointMode": "connected",
          "percentage": false,
          "pointradius": 5,
          "points": false,
          "renderer": "flot",
          "seriesOverrides": [],
          "span": 12,
          "stack": true,
          "steppedLine": false,
          "targets": [
            {
              "device": "$device",
              "metric": "$metric",
              "mode": "graph",
              "refId": "A",
              "target": "",
              "unit": "$unit"
            }
          ],
          "timeFrom": null,
          "timeShift": null,
          "title": "Kentik Network Flow Data",
          "tooltip": {
            "msResolution": false,
            "shared": true,
            "value_type": "cumulative"
          },
          "type": "graph",
          "xaxis": {
            "show": true
          },
          "yaxes": [
            {
              "format": "bps",
              "label": null,
              "logBase": 1,
              "max": null,
              "min": null,
              "show": true
            },
            {
              "format": "short",
              "label": null,
              "logBase": 1,
              "max": null,
              "min": null,
              "show": true
            }
          ]
        }
      ],
      "title": "Row"
    },
    {
      "collapse": false,
      "editable": true,
      "height": 495.015625,
      "panels": [
        {
          "columns": [],
          "datasource": "kentik",
          "editable": true,
          "error": false,
          "fontSize": "100%",
          "id": 2,
          "isNew": true,
          "links": [],
          "pageSize": null,
          "scroll": true,
          "showHeader": true,
          "sort": {
            "col": 1,
            "desc": true
          },
          "span": 12,
          "styles": [
            {
              "colorMode": null,
              "colors": [
                "rgba(245, 54, 54, 0.9)",
                "rgba(237, 129, 40, 0.89)",
                "rgba(50, 172, 45, 0.97)"
              ],
              "dateFormat": "YYYY-MM-DD HH:mm:ss",
              "decimals": 2,
              "pattern": "/^(Max|95th|p95th|Avg|Average)/",
              "thresholds": [],
              "type": "number",
              "unit": "short"
            }
          ],
          "targets": [
            {
              "device": "$device",
              "metric": "$metric",
              "mode": "table",
              "refId": "A",
              "target": "",
              "unit": "$unit"
            }
          ],
          "title": "",
          "transform": "table",
          "type": "table"
        }
      ],
      "title": "New row"
    }
  ],
  "time": {
    "from": "now-30m",
    "to": "now"
  },
  "timepicker": {
    "refresh_intervals": [
      "1m",
      "5m",
      "15m",
      "30m",
      "1h",
      "2h",
      "1d"
    ],
    "time_options": [
      "5m",
      "15m",
      "1h",
      "6h",
      "12h",
      "24h",
      "2d",
      "7d",
      "30d"
    ]
  },
  "templating": {
    "list": [
      {
        "current": {
          "tags": [],
          "text": "All",
          "value": [
            "$__all"
          ]
        },
        "datasource": "kentik",
        "hide": 0,
        "includeAll": true,
        "label": "Devices",
        "multi": true,
        "name": "device",
        "options": [],
        "query": "devices()",
        "refresh": 1,
        "type": "query"
      },
      {
        "current": {"value": "Traffic", "text": "Traffic"},
        "datasource": "kentik",
        "hide": 0,
        "includeAll": false,
        "label": "Group By",
        "multi": false,
        "name": "metric",
        "options": [],
        "query": "metrics()",
        "refresh": 1,
        "type": "query"
      },
      {
        "current": {},
        "datasource": "kentik",
        "hide": 0,
        "includeAll": false,
        "label": "Metric",
        "multi": false,
        "name": "unit",
        "options": [],
        "query": "units()",
        "refresh": 1,
        "regex": "",
        "type": "query"
      },
      {

        "datasource": "kentik",
        "filters": [],
        "hide": 0,
        "label": "",
        "name": "Filters",
        "type": "adhoc"
      }
    ]
  },
  "annotations": {
    "list": []
  },
  "refresh": false,
  "schemaVersion": 12,
  "revision": 4,
  "links": []
}
