{
  "id": null,
  "title": "Kentik: Home",
  "originalTitle": "Kentik: Home",
  "tags": ["kentik"],
  "style": "dark",
  "timezone": "browser",
  "editable": false,
  "hideControls": true,
  "sharedCrosshair": false,
  "rows": [
      {
        "collapse": false,
        "editable": true,
        "height": "330px",
        "panels": [
          {
            "editable": true,
            "error": false,
            "id": 5,
            "span": 7.5,
            "height": "415px",
            "title": "",
            "type": "kentik-device-list"
          },
          {
            "content": "",
            "editable": true,
            "error": false,
            "id": 4,
            "links": [],
            "mode": "markdown",
            "span": 0.5,
            "style": {},
            "title": "",
            "transparent": true,
            "type": "text"
          },
          {
            "editable": true,
            "error": false,
            "id": 1,
            "span": 4,
            "title": "",
            "type": "kentik-call-to-action"
          },
          {
            "content": "",
            "editable": true,
            "error": false,
            "id": 6,
            "links": [],
            "mode": "markdown",
            "span": 0.5,
            "style": {},
            "title": "",
            "transparent": true,
            "type": "text"
          },
          {
            "editable": true,
            "error": false,
            "id": 3,
            "limit": 10,
            "links": [],
            "mode": "search",
            "query": "",
            "span": 4,
            "tags": [
              "kentik"
            ],
            "title": "Kentik dashboards",
            "type": "dashlist"
          }
        ],
        "title": "Row"
      },
      {
        "collapse": false,
        "editable": true,
        "height": "250px",
        "panels": [],
        "title": "Endpoint List Row"
      }
    ],
    "time": {
      "from": "now-6h",
      "to": "now"
    },
    "timepicker": {
      "collapse": false,
      "enable": true,
      "notice": false,
      "now": true,
      "refresh_intervals": [
        "1m",
        "5m",
        "15m",
        "30m",
        "1h",
        "2h",
        "1d"
      ],
      "status": "Stable",
      "time_options": [
        "5m",
        "15m",
        "1h",
        "6h",
        "12h",
        "24h",
        "2d",
        "7d",
        "30d"
      ],
      "type": "timepicker"
    },
    "templating": {
      "list": []
    },
    "annotations": {
      "list": []
    },
    "schemaVersion": 7,
    "version": 3,
    "revision": 2,
    "links": []
  }
